{
    "ABW": 161,
    "AGO": 47,
    "AIA": 162,
    "ALB": 31,
    "AND": 64,
    "ARE": 57,
    "ARG": 10,
    "ARM": 92,
    "ASM": 170,
    "ATA": 168,
    "ATF": 175,
    "AUS": 22,
    "AUT": 42,
    "AZE": 85,
    "BDI": 107,
    "BEL": 13,
    "BEN": 138,
    "BFA": 154,
    "BGD": 134,
    "BGR": 102,
    "BHR": 86,
    "BHS": 121,
    "BIH": 97,
    "BLR": 43,
    "BOL": 158,
    "BRA": 25,
    "BRB": 160,
    "BWA": 28,
    "CAF": 68,
    "CHE": 14,
    "CHL": 41,
    "CHN": 33,
    "CIV": 103,
    "CMR": 96,
    "CN": 15,
    "COL": 70,
    "COM": 99,
    "CPV": 51,
    "CRI": 55,
    "CUB": 95,
    "CYM": 49,
    "CYP": 69,
    "CZE": 24,
    "DEU": 12,
    "DJI": 125,
    "DMA": 164,
    "DNK": 19,
    "DOM": 89,
    "DZA": 53,
    "ECU": 116,
    "EGY": 112,
    "ESP": 3,
    "EST": 23,
    "ETH": 128,
    "FIN": 26,
    "FJI": 77,
    "FRA": 5,
    "FRO": 151,
    "GAB": 141,
    "GBR": 1,
    "GEO": 63,
    "GGY": 71,
    "GHA": 142,
    "GIB": 65,
    "GLP": 144,
    "GNB": 147,
    "GRC": 16,
    "GTM": 169,
    "GUY": 166,
    "HKG": 61,
    "HND": 130,
    "HRV": 60,
    "HUN": 56,
    "IDN": 80,
    "IMN": 135,
    "IND": 32,
    "IRL": 4,
    "IRN": 62,
    "IRQ": 129,
    "ISL": 118,
    "ISR": 48,
    "ITA": 17,
    "JAM": 59,
    "JEY": 67,
    "JOR": 104,
    "JPN": 93,
    "KAZ": 78,
    "KEN": 145,
    "KHM": 132,
    "KIR": 173,
    "KNA": 127,
    "KOR": 54,
    "KWT": 72,
    "LAO": 177,
    "LBN": 81,
    "LBY": 155,
    "LCA": 167,
    "LIE": 146,
    "LKA": 94,
    "LTU": 44,
    "LUX": 29,
    "LVA": 38,
    "MAC": 122,
    "MAR": 35,
    "MCO": 133,
    "MDG": 117,
    "MDV": 74,
    "MEX": 34,
    "MKD": 90,
    "MLI": 156,
    "MLT": 114,
    "MMR": 152,
    "MNE": 148,
    "MOZ": 27,
    "MRT": 171,
    "MUS": 98,
    "MWI": 115,
    "MYS": 91,
    "MYT": 150,
    "NAM": 157,
    "NCL": 172,
    "NGA": 73,
    "NIC": 137,
    "NLD": 18,
    "NOR": 8,
    "NPL": 120,
    "NZL": 87,
    "OMN": 9,
    "PAK": 79,
    "PAN": 153,
    "PER": 113,
    "PHL": 82,
    "PLW": 110,
    "POL": 11,
    "PRI": 39,
    "PRT": 0,
    "PRY": 159,
    "PYF": 165,
    "QAT": 111,
    "ROU": 7,
    "RUS": 20,
    "RWA": 131,
    "SAU": 108,
    "SDN": 174,
    "SEN": 83,
    "SGP": 106,
    "SLE": 176,
    "SLV": 163,
    "SMR": 37,
    "SRB": 40,
    "STP": 126,
    "SUR": 100,
    "SVK": 76,
    "SVN": 30,
    "SWE": 21,
    "SYC": 84,
    "SYR": 105,
    "TGO": 123,
    "THA": 88,
    "TJK": 136,
    "TMP": 143,
    "TUN": 58,
    "TUR": 45,
    "TWN": 124,
    "TZA": 140,
    "UGA": 101,
    "UKR": 36,
    "UMI": 149,
    "URY": 66,
    "USA": 2,
    "UZB": 119,
    "VEN": 75,
    "VGB": 139,
    "VNM": 109,
    "ZAF": 46,
    "ZMB": 50,
    "ZWE": 52,
    "unknown": 6
}